John, Doe, 1001, intern
Jane, Smith, 1002, sde1
Michael, Johnson, 1003, staff
Emily, Brown, 1004, manager
David, Wilson, 1005, sde1
Sarah, Anderson, 1006, intern
Christopher, Lee, 1007, staff
Samantha, Taylor, 1008, manager
Matthew, Martinez, 1009, intern
Olivia, Garcia, 1010, sde1
Daniel, Robinson, 1011, staff
Ava, Davis, 1012, manager
Ethan, Rodriguez, 1013, intern
Mia, Wilson, 1014, sde1
Alexander, Anderson, 1015, staff
Sophia, Hernandez, 1016, manager
William, Thompson, 1017, intern
Abigail, Lewis, 1018, sde1
James, Clark, 1019, staff
Charlotte, Green, 1020, manager
Benjamin, Adams, 1021, intern
Harper, Hall, 1022, sde1
Elijah, Wright, 1023, staff
Amelia, Turner, 1024, manager
Lucas, Phillips, 1025, intern
Evelyn, Scott, 1026, sde1
Alexander, Hill, 1027, staff
Mia, Cook, 1028, manager
Oliver, Campbell, 1029, intern
Ava, Martinez, 1030, sde1
Henry, Murphy, 1031, staff
Isabella, Bell, 1032, manager
Liam, Young, 1033, intern
Grace, Rivera, 1034, sde1
Michael, Rogers, 1035, staff
Harper, Mitchell, 1036, manager
Noah, Carter, 1037, intern
Sophia, Scott, 1038, sde1
Ethan, Lewis, 1039, staff
Olivia, Adams, 1040, manager
William, Turner, 1041, intern
Emma, Hall, 1042, sde1
Daniel, Wright, 1043, staff
Ava, Cooper, 1044, manager
Benjamin, Green, 1045, intern
Charlotte, Phillips, 1046, sde1
James, Young, 1047, staff
Amelia, Campbell, 1048, manager
Alexander, Murphy, 1049, intern
Olivia, Bell, 1050, sde1
Liam, Johnson, 1051, intern
Emma, Anderson, 1052, sde1
Noah, Martinez, 1053, staff
Olivia, Clark, 1054, manager
Ava, Davis, 1055, sde1
William, Wilson, 1056, intern
Sophia, Thompson, 1057, staff
Benjamin, Lee, 1058, manager
Isabella, Smith, 1059, intern
James, Brown, 1060, sde1
Charlotte, Hall, 1061, staff
Michael, Taylor, 1062, manager
Elijah, Lewis, 1063, intern
Harper, Turner, 1064, sde1
Amelia, Rodriguez, 1065, staff
Alexander, Adams, 1066, manager
Grace, Green, 1067, intern
Oliver, Cook, 1068, sde1
Daniel, Murphy, 1069, staff
Sophia, Hernandez, 1070, manager
Liam, Martinez, 1071, intern
Emma, Wright, 1072, sde1
Noah, Mitchell, 1073, staff
Olivia, Scott, 1074, manager
Ava, Phillips, 1075, intern
William, Turner, 1076, sde1
Sophia, Campbell, 1077, staff
Benjamin, Adams, 1078, manager
Isabella, Hill, 1079, intern
James, Cooper, 1080, sde1
Charlotte, Young, 1081, staff
Michael, Bell, 1082, manager
Elijah, Lewis, 1083, intern
Harper, Rogers, 1084, sde1
Amelia, Mitchell, 1085, staff
Alexander, Carter, 1086, manager
Grace, Scott, 1087, intern
Oliver, Murphy, 1088, sde1
Daniel, Green, 1089, staff
Sophia, Adams, 1090, manager
Liam, Turner, 1091, intern
Emma, Hall, 1092, sde1
Noah, Wright, 1093, staff
Olivia, Campbell, 1094, manager
Ava, Martinez, 1095, intern
William, Phillips, 1096, sde1
Sophia, Young, 1097, staff
Benjamin, Cooper, 1098, manager
Isabella, Murphy, 1099, intern
James, Bell, 1100, sde1
